Year_Month,Mkt-RF,SMB,HML,RMW,CMA,RF,MOM
1964-01,    2.24,    0.13,    1.48,    0.17,    1.47,    0.30,   0.86
1964-02,    1.54,    0.28,    2.81,   -0.05,    0.91,    0.26,   0.26
1964-03,    1.41,    1.23,    3.40,   -2.21,    3.22,    0.31,   0.75
1964-04,    0.10,   -1.52,   -0.67,   -1.27,   -1.08,    0.29,  -0.58
1964-05,    1.42,   -0.63,    1.86,   -0.16,    0.17,    0.26,   2.57
1964-06,    1.27,    0.29,    0.62,   -0.28,   -0.17,    0.30,   0.46
1964-07,    1.74,    0.50,    0.75,    0.08,    1.91,    0.30,  -0.35
1964-08,   -1.44,    0.41,    0.08,    0.12,    0.35,    0.28,  -0.22
1964-09,    2.69,   -0.34,    1.70,   -0.56,    0.62,    0.28,  -0.41
1964-10,    0.59,    0.87,    1.17,   -0.43,    0.47,    0.29,   0.08
1964-11,    0.00,   -0.15,   -1.96,    0.63,   -0.26,    0.29,   1.03
1964-12,    0.03,   -0.69,   -2.48,    1.07,   -1.50,    0.31,  -0.74
1965-01,    3.54,    2.44,    0.12,    0.91,    0.10,    0.28,  -1.44
1965-02,    0.44,    3.31,    0.11,    0.23,   -0.68,    0.30,   0.32
1965-03,   -1.34,    2.12,    1.03,   -0.32,    0.69,    0.36,   0.15
1965-04,    3.11,    1.05,    0.66,    0.30,   -2.20,    0.31,   2.63
1965-05,   -0.77,    0.10,   -1.61,   -0.45,    0.53,    0.31,   0.60
1965-06,   -5.51,   -4.28,    0.59,    0.22,    0.37,    0.35,  -3.13
1965-07,    1.43,    1.08,    2.20,   -1.37,    0.03,    0.31,   4.10
1965-08,    2.73,    2.71,   -1.00,    1.90,   -0.74,    0.33,   2.58
1965-09,    2.86,    0.62,   -0.13,   -0.89,    0.80,    0.31,   3.30
1965-10,    2.60,    3.47,    1.56,    1.17,   -0.65,    0.31,   3.46
1965-11,   -0.03,    5.19,    0.15,   -1.01,   -0.94,    0.35,   4.45
1965-12,    1.01,    2.66,    2.03,   -1.14,   -0.53,    0.33,   0.12
1966-01,    0.72,    4.68,    3.56,   -2.82,   -0.11,    0.38,   5.39
1966-02,   -1.21,    4.71,    0.33,   -0.17,   -1.49,    0.35,   4.57
1966-03,   -2.51,    0.32,   -1.98,    1.30,    0.06,    0.38,   1.42
1966-04,    2.14,    3.35,   -0.46,    0.39,   -0.95,    0.34,   6.28
1966-05,   -5.66,   -5.10,   -1.63,    1.64,   -1.52,    0.41,  -4.70
1966-06,   -1.44,    1.37,    0.50,    0.15,    0.78,    0.38,   3.25
1966-07,   -1.63,   -0.41,    0.95,   -0.36,    1.79,    0.35,  -1.34
1966-08,   -7.91,   -3.12,    0.43,   -0.09,    0.80,    0.41,  -2.14
1966-09,   -1.06,   -1.14,    0.56,   -1.68,    2.37,    0.40,  -1.84
1966-10,    3.86,   -6.45,    2.69,   -3.48,    4.25,    0.45,  -5.26
1966-11,    1.40,    3.34,   -4.69,    4.13,   -6.62,    0.40,   5.72
1966-12,    0.13,    2.02,   -1.19,    0.70,   -0.34,    0.40,   1.06
1967-01,    8.15,    9.10,    2.27,    0.96,   -3.16,    0.43,  -6.93
1967-02,    0.78,    3.06,   -2.22,    1.99,   -0.99,    0.36,   3.52
1967-03,    3.99,    1.87,    0.37,    0.86,   -1.60,    0.39,   1.53
1967-04,    3.89,    0.43,   -2.48,    2.33,   -3.67,    0.32,   0.59
1967-05,   -4.33,    2.29,    1.09,   -1.73,    1.73,    0.33,   0.72
1967-06,    2.41,    6.43,    0.85,   -0.62,   -2.42,    0.27,   6.00
1967-07,    4.58,    3.54,    2.73,    0.48,    2.70,    0.31,  -1.07
1967-08,   -0.89,    0.72,    1.44,    0.30,    1.45,    0.31,  -1.38
1967-09,    3.11,    2.44,   -2.50,    0.20,   -0.95,    0.32,   2.52
1967-10,   -3.09,    0.53,   -3.30,    1.01,   -2.62,    0.39,   3.67
1967-11,    0.37,   -0.04,   -1.70,    1.34,   -2.34,    0.36,   1.26
1967-12,    3.05,    5.75,   -0.53,   -0.81,    0.13,    0.33,   3.25
1968-01,   -4.06,    4.51,    4.80,   -4.62,    6.46,    0.40,  -4.70
1968-02,   -3.75,   -2.91,    1.28,   -0.16,    2.45,    0.39,  -3.43
1968-03,    0.20,   -1.59,   -0.59,    1.05,   -1.10,    0.38,   3.23
1968-04,    9.05,    6.18,   -1.13,    2.69,   -3.65,    0.43,   5.09
1968-05,    2.28,    7.00,    0.85,    0.43,   -1.92,    0.45,   3.80
1968-06,    0.69,   -0.28,    0.73,   -1.41,    2.76,    0.43,  -1.90
1968-07,   -2.72,   -1.41,    5.39,   -3.13,    3.72,    0.48,  -0.88
1968-08,    1.34,    2.27,    1.01,   -0.70,    0.48,    0.42,   1.89
1968-09,    4.03,    2.81,    0.30,   -1.99,    0.87,    0.43,  -0.65
1968-10,    0.42,   -0.42,    2.86,   -1.32,    2.70,    0.44,  -1.46
1968-11,    5.43,    2.39,   -0.92,    0.43,   -2.43,    0.42,   1.75
1968-12,   -3.94,    3.52,   -0.01,   -1.86,    1.76,    0.43,  -0.01
1969-01,   -1.25,   -0.44,    1.67,   -1.55,    1.38,    0.53,  -0.17
1969-02,   -5.84,   -4.16,    0.91,    2.07,    0.83,    0.46,  -2.36
1969-03,    2.64,   -0.45,   -0.51,   -1.43,   -0.35,    0.46,   3.97
1969-04,    1.46,   -0.80,   -0.03,    0.41,    0.06,    0.53,   1.13
1969-05,   -0.10,   -0.11,    0.70,   -0.95,    1.39,    0.48,   1.70
1969-06,   -7.18,   -5.45,   -1.08,    4.32,   -1.60,    0.51,  -2.30
1969-07,   -7.00,   -3.41,    1.20,    1.48,    1.91,    0.53,   1.71
1969-08,    4.68,    0.70,   -3.79,    1.13,   -4.02,    0.50,   2.17
1969-09,   -2.98,    1.29,   -3.27,    3.39,   -0.82,    0.62,   2.52
1969-10,    5.06,    3.96,   -3.16,    0.05,   -2.15,    0.60,  -4.31
1969-11,   -3.79,   -2.45,   -1.19,    1.46,    0.30,    0.52,   3.66
1969-12,   -2.63,   -3.76,   -2.86,    2.54,   -1.81,    0.64,   4.96
1970-01,   -8.10,    3.12,    3.13,   -1.72,    3.84,    0.60,   0.60
1970-02,    5.13,   -2.76,    3.93,   -2.29,    2.76,    0.62,   0.23
1970-03,   -1.06,   -2.41,    3.99,   -1.00,    4.29,    0.57,  -0.36
1970-04,  -11.00,   -6.40,    6.18,   -0.64,    6.21,    0.50,  -0.77
1970-05,   -6.92,   -4.48,    3.33,   -1.21,    3.90,    0.53,  -2.78
1970-06,   -5.79,   -2.20,    0.60,    0.13,    2.96,    0.58,   5.70
1970-07,    6.93,   -0.62,    0.90,   -0.26,    1.84,    0.52,  -3.14
1970-08,    4.49,    1.52,    1.15,    0.56,   -0.21,    0.53,  -6.55
1970-09,    4.18,    8.51,   -5.47,    0.30,   -5.83,    0.54,  -8.80
1970-10,   -2.28,   -4.43,    0.22,    1.71,    2.34,    0.46,   9.42
1970-11,    4.60,   -3.86,    1.69,    1.57,    1.47,    0.46,   2.73
1970-12,    5.72,    2.94,    1.00,    0.27,    0.30,    0.42,  -2.23
1971-01,    4.84,    7.54,    1.33,   -1.99,    0.07,    0.38,  -6.51
1971-02,    1.41,    2.04,   -1.23,    0.62,   -0.70,    0.33,   0.79
1971-03,    4.13,    2.26,   -3.95,    1.82,   -2.71,    0.30,  -1.41
1971-04,    3.15,   -0.36,    0.69,   -1.47,    0.87,    0.28,   1.41
1971-05,   -3.98,   -1.11,   -1.44,    1.40,    0.25,    0.29,   0.86
1971-06,   -0.10,   -1.48,   -1.87,    1.53,   -1.64,    0.37,   2.73
1971-07,   -4.50,   -1.39,    0.02,    0.64,    1.46,    0.40,  -2.35
1971-08,    3.79,   -0.16,    2.63,   -0.43,    2.64,    0.47,   3.61
1971-09,   -0.85,    0.28,   -2.91,    2.56,   -1.58,    0.37,   2.12
1971-10,   -4.42,   -1.60,   -0.48,    1.62,   -1.35,    0.37,   0.47
1971-11,   -0.46,   -2.86,   -1.68,    2.44,   -0.34,    0.37,   1.51
1971-12,    8.71,    3.27,   -0.40,   -0.40,   -1.75,    0.37,  -0.58
1972-01,    2.49,    6.10,    2.24,   -1.69,    0.55,    0.29,   0.17
1972-02,    2.87,    0.87,   -2.79,    1.61,   -0.52,    0.25,   2.54
1972-03,    0.63,   -0.43,   -1.61,    1.63,   -0.18,    0.27,   2.94
1972-04,    0.29,    0.23,    0.12,   -0.42,   -1.03,    0.29,   2.81
1972-05,    1.25,   -3.10,   -2.70,    2.34,   -1.95,    0.30,   3.29
1972-06,   -2.43,   -0.43,   -2.48,    1.88,   -0.36,    0.29,   1.90
1972-07,   -0.80,   -2.77,    0.66,    1.14,   -0.66,    0.31,   2.75
1972-08,    3.26,   -3.48,    4.54,   -1.96,    2.85,    0.29,  -5.40
1972-09,   -1.14,   -2.23,    0.46,    1.68,   -1.97,    0.34,   1.82
1972-10,    0.52,   -2.54,    1.34,   -0.15,    0.02,    0.40,   0.71
1972-11,    4.60,   -0.62,    4.85,   -1.95,    3.37,    0.37,  -5.09
1972-12,    0.62,   -1.89,   -2.19,    2.60,   -2.16,    0.37,   4.92
1973-01,   -3.29,   -2.81,    2.68,    0.42,    0.90,    0.44,   3.73
1973-02,   -4.85,   -3.91,    1.60,   -0.26,    0.02,    0.41,   2.16
1973-03,   -1.30,   -2.33,    2.62,   -1.07,    0.62,    0.46,   3.59
1973-04,   -5.68,   -2.90,    5.41,   -1.58,    2.60,    0.52,   6.36
1973-05,   -2.94,   -6.17,    0.41,    1.95,   -1.57,    0.51,   7.14
1973-06,   -1.57,   -2.48,    1.20,   -0.21,    0.11,    0.51,   4.30
1973-07,    5.05,    7.26,   -5.31,   -0.05,   -3.28,    0.64, -11.57
1973-08,   -3.82,   -1.84,    1.24,   -1.31,    1.30,    0.70,   3.46
1973-09,    4.75,    3.60,    2.01,   -2.33,    1.77,    0.68,  -7.00
1973-10,   -0.83,   -0.38,    1.94,   -1.90,    2.71,    0.65,   6.87
1973-11,  -12.75,   -7.28,    3.87,   -2.63,    1.73,    0.56,   8.66
1973-12,    0.61,   -4.69,    3.85,   -2.78,    2.48,    0.64,  10.38
1974-01,   -0.17,   10.41,    6.02,   -3.07,    4.42,    0.63,  -8.85
1974-02,   -0.47,    0.06,    2.81,   -1.87,    2.63,    0.58,   0.32
1974-03,   -2.81,    2.65,   -0.32,    2.80,    0.44,    0.56,  -1.05
1974-04,   -5.29,   -0.70,    0.85,    2.87,    2.09,    0.75,   2.11
1974-05,   -4.68,   -3.07,   -2.02,    4.95,   -0.42,    0.75,  -0.39
1974-06,   -2.83,    0.00,    0.77,    0.57,    2.94,    0.60,   2.31
1974-07,   -8.05,    1.92,    5.16,   -3.25,    4.60,    0.70,   3.11
1974-08,   -9.35,    0.26,    2.64,   -0.28,    2.59,    0.60,   3.00
1974-09,  -11.77,    1.48,    5.58,   -4.44,    5.91,    0.81,   4.24
1974-10,   16.10,   -6.82,   -9.87,   -0.21,   -2.86,    0.51,  -0.54
1974-11,   -4.51,   -1.48,   -0.20,   -3.37,    2.92,    0.54,   2.13
1974-12,   -3.45,   -4.35,    0.11,   -0.68,    3.25,    0.70,   2.92
1975-01,   13.66,   12.91,    8.28,   -0.78,   -0.90,    0.58, -13.82
1975-02,    5.56,   -0.65,   -4.44,    1.16,   -2.10,    0.43,  -0.61
1975-03,    2.66,    4.00,    2.38,    1.26,   -1.33,    0.41,  -2.04
1975-04,    4.23,   -0.71,   -1.14,    1.41,   -1.34,    0.44,   1.38
1975-05,    5.19,    2.89,   -4.10,   -0.98,   -0.60,    0.44,  -0.58
1975-06,    4.83,    1.43,    1.38,   -2.66,    1.06,    0.41,   0.04
1975-07,   -6.59,    3.44,    1.69,    0.46,    1.22,    0.48,   0.42
1975-08,   -2.85,   -2.84,   -0.95,    1.11,   -0.93,    0.48,  -0.10
1975-09,   -4.26,    0.05,    0.39,    0.53,    0.55,    0.53,   0.41
1975-10,    5.31,   -4.23,    0.28,   -0.49,    2.26,    0.56,  -0.16
1975-11,    2.64,   -1.09,    2.03,   -0.68,    1.75,    0.41,  -0.45
1975-12,   -1.60,   -0.05,    1.69,   -0.09,    0.57,    0.48,  -0.11
1976-01,   12.16,    6.34,    8.63,   -1.79,    2.28,    0.47,   4.45
1976-02,    0.32,    7.99,    5.87,   -2.64,    3.87,    0.34,   0.38
1976-03,    2.32,   -1.38,   -0.12,   -0.33,    0.96,    0.40,   0.15
1976-04,   -1.49,    0.08,   -0.16,    0.40,   -1.10,    0.42,   0.59
1976-05,   -1.34,   -1.10,   -1.36,    2.46,   -1.41,    0.37,  -1.12
1976-06,    4.05,   -1.07,    0.71,   -0.68,    1.02,    0.43,  -0.42
1976-07,   -1.07,    0.63,    1.73,   -1.05,    0.28,    0.47,  -0.13
1976-08,   -0.56,   -1.98,    0.81,   -0.42,   -0.55,    0.42,  -0.85
1976-09,    2.07,    0.10,   -0.29,    0.98,   -1.15,    0.44,   0.22
1976-10,   -2.42,    0.13,   -0.18,   -0.19,   -0.37,    0.41,  -0.44
1976-11,    0.36,    2.66,    1.51,   -1.41,    0.09,    0.40,   2.91
1976-12,    5.65,    3.64,    2.27,   -0.61,    2.28,    0.40,   0.73
1977-01,   -4.05,    5.90,    4.27,   -0.51,    1.97,    0.36,   4.00
1977-02,   -1.94,    1.07,    0.47,   -0.16,   -0.22,    0.35,   0.36
1977-03,   -1.37,    1.31,    1.09,   -0.30,   -0.06,    0.38,   0.55
1977-04,    0.15,    0.61,    3.38,   -2.01,    1.14,    0.38,   4.21
1977-05,   -1.45,    1.31,    0.85,    0.33,    0.19,    0.37,   2.03
1977-06,    4.71,    2.08,   -0.74,    0.91,   -1.20,    0.40,   1.66
1977-07,   -1.69,    1.88,   -0.56,    0.73,    0.09,    0.42,   0.32
1977-08,   -1.75,    0.86,   -2.70,    0.98,   -0.66,    0.44,  -1.70
1977-09,   -0.27,    1.43,   -0.52,    1.43,   -0.84,    0.43,   2.00
1977-10,   -4.38,    1.48,    1.75,   -0.20,   -0.30,    0.49,  -0.08
1977-11,    4.00,    3.64,    0.26,   -0.13,    0.73,    0.50,   2.01
1977-12,    0.27,    1.59,   -0.29,    0.92,   -0.69,    0.49,   1.58
1978-01,   -6.01,    2.72,    3.36,   -1.72,    1.52,    0.49,  -0.66
1978-02,   -1.38,    3.70,    0.83,    0.30,    1.01,    0.46,   1.97
1978-03,    2.85,    3.71,    1.18,   -0.59,    1.89,    0.53,   1.37
1978-04,    7.88,   -0.26,   -3.54,    2.81,   -1.26,    0.54,   0.86
1978-05,    1.76,    4.58,   -0.52,    0.22,    0.41,    0.51,   2.83
1978-06,   -1.69,    1.56,    0.57,   -1.40,   -0.07,    0.54,   2.74
1978-07,    5.11,    0.12,   -1.15,    1.55,   -0.78,    0.56,   4.17
1978-08,    3.75,    4.95,   -0.51,    1.43,    0.46,    0.56,   2.83
1978-09,   -1.43,   -0.32,    1.89,   -0.67,    1.78,    0.62,  -3.14
1978-10,  -11.91,  -10.02,    1.38,    0.12,    0.94,    0.68,  -8.46
1978-11,    2.71,    2.81,   -2.15,    1.13,   -1.17,    0.70,   5.45
1978-12,    0.88,    1.13,   -2.13,    2.01,   -1.32,    0.78,   3.03
1979-01,    4.23,    3.78,    2.19,   -2.47,    1.52,    0.77,  -1.36
1979-02,   -3.56,    0.54,    1.17,   -1.12,    0.94,    0.73,  -1.06
1979-03,    5.68,    3.24,   -0.71,    0.53,    0.32,    0.81,   2.93
1979-04,   -0.06,    2.37,    1.12,    1.08,    0.17,    0.80,   0.81
1979-05,   -2.21,    0.18,    1.31,   -1.54,   -0.27,    0.82,  -0.54
1979-06,    3.85,    1.00,    1.44,   -1.66,   -0.52,    0.81,   0.84
1979-07,    0.82,    1.27,    1.86,   -0.29,    0.71,    0.77,  -1.07
1979-08,    5.53,    1.92,   -1.58,    1.62,   -1.48,    0.77,  -0.20
1979-09,   -0.82,   -0.32,   -0.90,    1.01,    0.32,    0.83,   5.28
1979-10,   -8.10,   -3.50,   -1.84,    1.01,    0.07,    0.87,   2.01
1979-11,    5.21,    2.53,   -3.29,    0.06,   -2.12,    0.99,   8.14
1979-12,    1.79,    4.32,   -2.10,   -0.70,   -0.92,    0.95,   4.78
1980-01,    5.51,    1.83,    1.75,   -1.70,    1.64,    0.80,   7.55
1980-02,   -1.22,   -1.57,    0.61,    0.04,    2.68,    0.89,   7.88
1980-03,  -12.90,   -6.93,   -1.01,    1.46,   -1.19,    1.21,  -9.55
1980-04,    3.97,    1.05,    1.06,   -2.10,    0.29,    1.26,  -0.43
1980-05,    5.26,    2.11,    0.38,    0.34,   -0.31,    0.81,  -1.12
1980-06,    3.06,    1.41,   -0.76,   -0.15,   -1.26,    0.61,   1.62
1980-07,    6.49,    3.82,   -6.41,    4.06,   -2.43,    0.53,   0.39
1980-08,    1.80,    4.25,   -2.60,    2.06,   -0.86,    0.64,   3.21
1980-09,    2.19,    0.67,   -4.59,    1.91,   -2.76,    0.75,   5.39
1980-10,    1.06,    2.33,   -2.76,    1.65,   -1.15,    0.95,   7.30
1980-11,    9.59,   -3.31,   -8.33,    4.50,   -5.66,    0.96,  15.22
1980-12,   -4.52,   -0.29,    2.79,   -1.29,    1.24,    1.31,  -6.68
1981-01,   -5.04,    3.29,    6.72,   -3.51,    4.33,    1.04,  -7.95
1981-02,    0.57,   -0.50,    1.02,    0.21,    2.22,    1.07,  -1.35
1981-03,    3.56,    3.02,    0.64,   -2.24,   -0.54,    1.21,   0.74
1981-04,   -2.11,    4.59,    2.28,    0.83,    1.24,    1.08,  -0.91
1981-05,    0.11,    2.45,   -0.42,    0.30,   -1.53,    1.15,   3.70
1981-06,   -2.36,   -0.96,    5.13,   -1.37,    2.66,    1.35,  -5.81
1981-07,   -1.54,   -2.05,   -0.50,    1.26,   -2.54,    1.24,  -2.45
1981-08,   -7.04,   -1.81,    4.76,   -0.32,    1.41,    1.28,  -1.15
1981-09,   -7.17,   -2.45,    5.17,    0.08,    2.63,    1.24,   1.95
1981-10,    4.92,    2.37,   -4.21,    3.15,   -3.01,    1.21,   4.01
1981-11,    3.36,   -1.51,    1.83,    0.08,    0.95,    1.07,  -0.27
1981-12,   -3.65,    1.20,    0.81,    0.22,    2.50,    0.87,   1.30
1982-01,   -3.24,   -1.14,    3.19,   -1.49,    1.92,    0.80,   1.72
1982-02,   -5.86,    0.35,    6.05,   -3.48,    4.56,    0.92,   4.88
1982-03,   -1.87,   -0.05,    3.81,   -1.38,    2.49,    0.98,   2.96
1982-04,    3.27,    1.09,   -2.70,    1.57,   -0.01,    1.13,  -0.40
1982-05,   -3.99,    0.64,    1.75,    0.87,   -0.30,    1.06,   2.50
1982-06,   -3.09,   -0.52,    1.53,    0.01,    2.72,    0.96,   4.96
1982-07,   -3.19,    0.95,    0.09,    1.04,    1.55,    1.05,   4.45
1982-08,   11.14,   -4.35,    0.95,   -1.89,    0.09,    0.76,  -3.52
1982-09,    1.29,    2.61,    0.28,    2.14,   -0.04,    0.51,   4.19
1982-10,   11.30,    1.92,   -3.66,    0.29,   -0.34,    0.59,   0.18
1982-11,    4.67,    4.43,   -1.87,   -0.97,    0.27,    0.63,   5.95
1982-12,    0.55,   -0.04,   -0.02,   -0.01,    1.02,    0.67,   0.04
1983-01,    3.60,    3.35,   -0.75,   -1.55,   -0.58,    0.69,  -1.73
1983-02,    2.59,    2.92,    0.70,   -0.52,    1.05,    0.62,   3.77
1983-03,    2.82,    1.37,    2.02,   -0.17,    2.74,    0.63,   0.92
1983-04,    6.67,    0.48,    0.49,   -0.11,    1.42,    0.71,   1.72
1983-05,    0.52,    6.30,   -1.40,   -1.84,   -1.51,    0.69,  -1.56
1983-06,    3.07,    1.18,   -3.90,    2.60,   -0.87,    0.67,   1.80
1983-07,   -4.07,    1.01,    5.62,   -0.14,    2.81,    0.74,  -3.13
1983-08,   -0.50,   -4.32,    5.54,    0.51,    1.90,    0.76,  -5.65
1983-09,    0.91,    0.30,    1.01,    1.24,    0.50,    0.76,  -0.03
1983-10,   -3.44,   -3.77,    4.97,   -0.77,    2.96,    0.76,  -4.52
1983-11,    2.16,    1.87,   -0.72,   -0.67,    0.66,    0.70,  -0.13
1983-12,   -1.78,   -0.45,    1.73,    1.64,    1.27,    0.73,   0.84
1984-01,   -1.92,   -0.04,    7.58,   -0.89,    2.92,    0.76,  -2.56
1984-02,   -4.82,   -1.59,    3.33,    0.90,    1.58,    0.71,   0.22
1984-03,    0.63,   -0.29,    0.46,   -0.96,    1.17,    0.73,   1.07
1984-04,   -0.51,   -0.95,    1.20,    3.34,    0.76,    0.81,   2.07
1984-05,   -5.97,    0.13,    0.31,    2.36,   -0.46,    0.78,   1.51
1984-06,    1.82,    0.11,   -2.66,    3.17,   -1.56,    0.75,  -0.70
1984-07,   -2.74,   -2.22,    0.36,    3.55,   -2.15,    0.82,   2.85
1984-08,   10.28,   -0.26,   -1.82,   -0.68,   -0.92,    0.83,  -5.59
1984-09,   -0.80,   -0.03,    5.28,    1.37,    2.41,    0.86,   3.62
1984-10,   -0.84,   -1.44,    0.45,    1.18,   -1.09,    1.00,   3.16
1984-11,   -1.76,   -1.02,    4.06,    0.72,    2.06,    0.73,   1.64
1984-12,    1.84,   -0.65,   -0.26,    1.31,   -1.36,    0.64,   1.49
1985-01,    7.99,    3.51,   -5.35,   -0.89,   -3.41,    0.65,  -6.82
1985-02,    1.22,    1.04,   -0.10,    1.29,    1.06,    0.58,   1.88
1985-03,   -0.84,   -1.39,    4.07,    1.23,    2.88,    0.62,   1.58
1985-04,   -0.96,   -0.10,    3.72,    1.55,    0.71,    0.72,   3.04
1985-05,    5.09,   -2.31,   -0.96,    1.33,   -1.49,    0.66,   3.99
1985-06,    1.27,    0.35,    0.38,    1.76,   -0.77,    0.55,   3.57
1985-07,   -0.74,    2.87,   -1.62,   -0.42,   -0.38,    0.62,  -3.91
1985-08,   -1.02,   -0.29,    2.32,   -0.10,    1.83,    0.55,   1.85
1985-09,   -4.54,   -1.80,    1.29,    1.14,    1.64,    0.60,   1.51
1985-10,    4.02,   -1.50,    0.75,    0.89,   -1.06,    0.65,   4.88
1985-11,    6.48,    0.02,   -2.85,    0.33,   -2.32,    0.61,  -0.47
1985-12,    3.88,   -0.41,   -1.54,    0.99,   -1.80,    0.65,  -0.23
1986-01,    0.65,    1.01,    0.44,   -2.00,   -2.03,    0.56,   3.00
1986-02,    7.13,   -0.71,   -0.72,    1.06,   -1.20,    0.53,   2.76
1986-03,    4.88,   -0.66,   -0.39,    1.21,    0.92,    0.60,   2.41
1986-04,   -1.31,    2.84,   -2.87,    2.91,    0.03,    0.52,  -0.37
1986-05,    4.62,   -1.29,   -0.21,    2.13,    1.08,    0.49,   2.05
1986-06,    1.03,   -0.89,    1.28,    1.80,    0.87,    0.52,   5.07
1986-07,   -6.45,   -3.46,    4.70,   -0.54,    0.84,    0.52,   1.83
1986-08,    6.07,   -4.35,    3.51,   -1.66,    3.21,    0.46,  -5.28
1986-09,   -8.60,    2.05,    3.22,   -0.08,    3.71,    0.45,  -5.79
1986-10,    4.66,   -2.33,   -1.42,   -0.05,    1.00,    0.46,   4.46
1986-11,    1.17,   -1.88,   -0.07,    1.09,    0.67,    0.39,  -0.26
1986-12,   -3.27,    0.12,    0.36,    0.79,    0.09,    0.49,   0.35
1987-01,   12.47,   -1.54,   -3.16,    0.17,   -1.00,    0.42,   2.20
1987-02,    4.39,    3.40,   -5.91,   -0.76,   -2.66,    0.43,  -2.07
1987-03,    1.64,    0.28,    1.61,    1.36,    4.14,    0.47,   1.68
1987-04,   -2.11,   -1.54,   -0.39,   -0.49,    1.05,    0.44,   0.22
1987-05,    0.11,   -0.56,    0.23,    0.51,    1.14,    0.38,  -0.74
1987-06,    3.94,   -2.21,    1.04,    1.70,    0.84,    0.48,  -0.25
1987-07,    3.85,   -1.14,    0.68,   -0.61,    1.61,    0.46,   2.72
1987-08,    3.52,   -0.94,   -0.93,    2.04,   -1.61,    0.47,  -0.86
1987-09,   -2.59,    0.38,    0.27,   -0.97,    1.87,    0.45,   0.77
1987-10,  -23.24,   -8.07,    4.24,    2.04,    2.34,    0.60,  -7.86
1987-11,   -7.77,    2.85,    2.95,   -1.88,    0.68,    0.35,  -1.17
1987-12,    6.81,    0.06,   -4.43,    2.96,   -2.42,    0.39,   5.87
1988-01,    4.21,   -0.51,    5.01,   -1.14,    2.13,    0.29,  -7.24
1988-02,    4.75,    3.32,   -1.71,    1.56,   -0.01,    0.46,  -1.47
1988-03,   -2.27,    6.25,    0.73,   -0.25,    1.80,    0.44,   0.58
1988-04,    0.56,    1.16,    1.67,   -0.20,    1.92,    0.46,   2.24
1988-05,   -0.29,   -2.56,    2.42,   -0.74,    0.33,    0.51,   0.63
1988-06,    4.79,    2.16,   -1.24,    1.47,   -3.37,    0.49,  -2.93
1988-07,   -1.25,   -0.21,    2.22,   -0.58,    1.52,    0.51,   0.66
1988-08,   -3.31,   -0.03,    2.15,   -0.82,    1.76,    0.59,   0.35
1988-09,    3.30,   -1.36,   -0.75,    1.76,   -0.61,    0.62,   0.27
1988-10,    1.15,   -2.95,    2.05,    1.30,    1.03,    0.61,   1.33
1988-11,   -2.29,   -1.65,    1.41,   -0.28,    1.62,    0.57,   0.33
1988-12,    1.49,    2.01,   -1.69,    0.69,   -0.38,    0.63,   0.49
1989-01,    6.10,   -2.31,    0.60,   -0.95,    0.14,    0.55,  -0.16
1989-02,   -2.25,    2.71,    1.01,   -0.87,    1.81,    0.61,   0.99
1989-03,    1.57,    0.68,    0.58,    0.05,    0.72,    0.67,   3.51
1989-04,    4.33,   -0.78,   -1.42,    0.71,   -0.57,    0.67,   1.77
1989-05,    3.35,   -0.01,   -0.88,    0.49,   -0.08,    0.79,   1.52
1989-06,   -1.35,   -1.09,    2.25,    0.27,    1.56,    0.71,   0.43
1989-07,    7.20,   -4.15,   -2.79,    1.98,   -0.58,    0.70,   5.41
1989-08,    1.44,    0.48,    0.60,    0.39,   -0.58,    0.74,  -0.12
1989-09,   -0.76,    0.49,   -1.27,    1.40,    0.50,    0.65,   3.40
1989-10,   -3.67,   -3.30,   -1.11,    0.11,   -0.04,    0.68,   1.32
1989-11,    1.03,   -1.29,   -1.09,   -0.86,    1.41,    0.69,   2.60
1989-12,    1.16,   -2.27,    0.16,   -0.07,    1.42,    0.61,   2.80
1990-01,   -7.85,   -1.31,    0.85,   -1.17,    1.35,    0.57,  -3.27
1990-02,    1.11,    1.17,    0.64,   -0.03,   -0.66,    0.57,  -0.55
1990-03,    1.83,    1.62,   -2.92,    2.04,   -1.02,    0.64,   1.80
1990-04,   -3.36,   -0.33,   -2.59,    1.78,   -0.98,    0.69,   2.39
1990-05,    8.42,   -2.35,   -3.83,    1.57,   -1.68,    0.68,   3.03
1990-06,   -1.09,    1.35,   -1.93,   -1.03,   -0.39,    0.63,   2.40
1990-07,   -1.90,   -3.16,   -0.03,   -0.18,    3.21,    0.68,   6.10
1990-08,  -10.15,   -3.87,    1.64,   -0.35,    2.96,    0.66,   1.88
1990-09,   -6.12,   -3.74,    0.64,    0.06,    3.67,    0.60,   5.78
1990-10,   -1.92,   -5.12,    0.10,    2.97,   -0.30,    0.68,   6.71
1990-11,    6.35,    0.07,   -3.10,    0.65,   -4.74,    0.57,  -5.48
1990-12,    2.46,    0.67,   -1.70,    2.73,   -1.89,    0.60,   0.29
1991-01,    4.69,    3.91,   -1.60,    1.28,   -3.99,    0.52,  -6.45
1991-02,    7.19,    3.94,   -0.58,   -0.20,   -0.33,    0.48,  -4.61
1991-03,    2.65,    3.83,   -1.39,   -0.53,   -1.06,    0.44,   2.87
1991-04,   -0.28,    0.31,    1.50,    0.62,    0.74,    0.53,  -2.36
1991-05,    3.65,    0.14,   -0.52,    2.00,   -2.43,    0.47,  -0.11
1991-06,   -4.94,    0.24,    1.15,    1.79,    0.65,    0.42,   0.47
1991-07,    4.24,   -0.96,   -1.32,    1.60,   -1.36,    0.49,   4.32
1991-08,    2.32,    1.40,   -0.78,    0.84,   -0.34,    0.46,   1.57
1991-09,   -1.59,    1.56,   -1.08,   -1.82,    0.08,    0.46,   1.79
1991-10,    1.29,    0.91,   -0.47,   -1.70,   -0.23,    0.42,   3.06
1991-11,   -4.19,   -0.83,   -1.89,    1.11,    0.01,    0.39,   1.14
1991-12,   10.84,   -2.40,   -4.17,    3.55,   -3.12,    0.38,   8.19
1992-01,   -0.59,    9.18,    4.71,   -1.32,    3.20,    0.34,  -2.49
1992-02,    1.09,    1.33,    6.47,    0.08,    2.19,    0.28,  -0.53
1992-03,   -2.66,   -0.93,    3.56,   -0.01,    1.95,    0.34,  -0.29
1992-04,    1.07,   -5.70,    4.34,    1.69,    2.23,    0.32,  -2.58
1992-05,    0.30,    0.21,    1.19,   -0.95,    0.48,    0.28,   0.21
1992-06,   -2.34,   -2.73,    3.24,   -0.05,    1.01,    0.32,  -0.58
1992-07,    3.77,   -0.62,   -0.56,    1.30,   -0.91,    0.31,   1.56
1992-08,   -2.38,   -0.42,   -1.10,    3.72,   -1.65,    0.26,  -0.51
1992-09,    1.19,    0.48,   -0.26,    1.64,   -0.59,    0.26,   1.49
1992-10,    1.02,    2.07,   -1.98,    1.24,   -0.79,    0.23,   2.48
1992-11,    4.13,    3.94,   -1.35,   -0.68,   -1.59,    0.23,  -0.15
1992-12,    1.53,    1.68,    2.62,   -0.48,    0.84,    0.28,   4.31
1993-01,    0.93,    1.93,    5.94,   -1.84,    2.91,    0.23,   4.83
1993-02,    0.12,   -3.45,    6.42,   -0.42,    4.13,    0.22,   3.14
1993-03,    2.30,    0.09,    1.18,   -0.15,    0.90,    0.25,   3.73
1993-04,   -3.05,   -0.85,    2.49,   -3.61,    1.38,    0.24,   0.38
1993-05,    2.89,    1.90,   -3.42,   -0.12,   -1.04,    0.22,   0.22
1993-06,    0.31,    0.13,    2.75,   -0.92,    1.21,    0.25,   4.55
1993-07,   -0.34,    0.95,    2.85,   -1.87,    2.06,    0.24,   3.16
1993-08,    3.71,    0.10,    0.13,   -1.54,   -0.04,    0.25,   2.65
1993-09,   -0.12,    2.98,   -0.31,    0.24,   -0.16,    0.26,   3.37
1993-10,    1.41,    1.89,   -2.76,    0.57,    0.60,    0.22,  -2.72
1993-11,   -1.89,   -1.27,   -0.74,    2.23,   -0.94,    0.25,  -4.74
1993-12,    1.65,    1.40,    0.32,    1.16,   -0.34,    0.23,   2.36
1994-01,    2.87,   -0.06,    1.15,   -1.66,    1.43,    0.25,   0.00
1994-02,   -2.55,    2.67,   -1.54,    2.14,   -1.00,    0.21,  -0.30
1994-03,   -4.78,   -1.04,    1.60,    0.69,    1.28,    0.27,  -1.27
1994-04,    0.68,   -1.01,    1.66,    1.07,    1.11,    0.27,   0.39
1994-05,    0.58,   -2.56,    0.67,    0.60,    0.68,    0.31,  -2.19
1994-06,   -3.03,   -0.50,    1.67,    1.21,    1.47,    0.31,  -0.87
1994-07,    2.82,   -1.85,    0.58,   -0.65,    0.14,    0.28,   0.18
1994-08,    4.01,    1.37,   -2.51,    0.95,   -1.47,    0.37,   1.55
1994-09,   -2.31,    2.80,   -1.89,    0.52,    0.93,    0.37,   1.31
1994-10,    1.34,   -2.30,   -1.62,    0.23,   -0.68,    0.38,   1.49
1994-11,   -4.04,    0.07,   -0.70,    0.42,   -0.50,    0.37,  -0.18
1994-12,    0.86,    0.00,   -0.13,    0.37,    0.38,    0.44,   3.48
1995-01,    1.80,   -3.06,    2.57,    0.17,   -0.75,    0.42,  -1.81
1995-02,    3.63,   -0.54,    1.08,    0.59,   -0.33,    0.40,  -0.39
1995-03,    2.19,   -0.51,   -2.15,   -0.17,    0.22,    0.46,   0.43
1995-04,    2.11,   -0.22,    1.71,    0.41,    0.90,    0.44,   1.79
1995-05,    2.90,   -2.19,    2.29,    0.39,    0.04,    0.54,  -0.42
1995-06,    2.72,    3.06,   -2.54,   -0.33,   -2.44,    0.47,   2.93
1995-07,    3.72,    2.09,   -1.62,    0.30,   -1.65,    0.45,   2.56
1995-08,    0.55,    1.75,    2.79,   -1.24,    1.62,    0.47,   0.16
1995-09,    3.35,   -1.88,   -0.04,    1.03,    0.36,    0.43,   2.90
1995-10,   -1.52,   -4.04,   -0.50,    1.91,   -0.05,    0.47,   4.16
1995-11,    3.96,   -1.07,    0.51,   -0.62,    1.12,    0.42,  -0.68
1995-12,    1.03,    0.72,    0.22,   -1.37,    3.10,    0.49,   2.52
1996-01,    2.26,   -2.56,    0.38,    0.18,    2.31,    0.43,   0.54
1996-02,    1.33,    1.77,   -1.08,    0.24,   -1.90,    0.39,   0.59
1996-03,    0.73,    1.61,    0.35,    1.42,   -0.95,    0.39,  -1.84
1996-04,    2.06,    4.71,   -4.02,   -0.14,   -2.11,    0.46,  -0.88
1996-05,    2.36,    3.21,   -0.83,    0.12,   -0.30,    0.42,   1.54
1996-06,   -1.14,   -3.65,    2.35,    3.51,    1.22,    0.40,   0.98
1996-07,   -5.97,   -3.81,    5.14,    2.95,    2.60,    0.45,  -0.16
1996-08,    2.77,    2.57,   -0.74,   -0.37,   -2.42,    0.41,   0.01
1996-09,    5.01,   -1.39,   -2.72,    1.27,   -2.22,    0.44,   2.70
1996-10,    0.86,   -3.77,    4.94,    1.40,    3.25,    0.42,   3.79
1996-11,    6.25,   -3.80,    1.39,    2.12,   -0.79,    0.41,  -2.37
1996-12,   -1.70,    3.25,    1.31,    0.37,    1.49,    0.46,   0.63
1997-01,    4.99,   -1.82,   -1.42,    1.19,   -0.02,    0.45,   1.96
1997-02,   -0.49,   -2.59,    5.67,    0.67,    3.47,    0.39,  -2.13
1997-03,   -5.03,   -0.43,    3.39,    0.50,    1.66,    0.43,   0.90
1997-04,    4.04,   -5.70,    0.07,    3.26,   -0.72,    0.43,   4.84
1997-05,    6.74,    4.75,   -4.13,   -1.02,   -2.96,    0.49,  -5.17
1997-06,    4.10,    1.19,    1.58,    0.56,    0.66,    0.37,   2.60
1997-07,    7.33,   -2.76,    0.26,    0.07,   -2.58,    0.43,   3.77
1997-08,   -4.15,    7.61,    1.18,   -1.11,   -0.04,    0.41,  -2.56
1997-09,    5.35,    2.49,    0.37,   -1.63,   -0.91,    0.44,   1.47
1997-10,   -3.80,   -0.52,    2.27,    1.00,    1.94,    0.42,  -0.57
1997-11,    2.98,   -5.11,    1.20,    2.81,    1.84,    0.39,   0.33
1997-12,    1.32,   -2.03,    3.84,    0.74,    1.92,    0.48,   3.98
1998-01,    0.15,   -1.36,   -1.63,    0.87,   -0.73,    0.43,   0.14
1998-02,    7.04,    0.20,   -0.85,   -0.31,   -2.54,    0.39,  -1.12
1998-03,    4.76,   -0.65,    1.39,   -0.26,   -0.37,    0.39,   2.15
1998-04,    0.73,    0.00,    0.94,   -1.69,   -0.36,    0.43,   0.74
1998-05,   -3.07,   -2.95,    3.44,    1.10,    2.61,    0.40,   1.82
1998-06,    3.18,   -3.66,   -1.96,   -0.26,   -2.97,    0.41,   7.28
1998-07,   -2.46,   -5.27,   -1.78,    1.74,    0.45,    0.40,   3.69
1998-08,  -16.08,   -5.17,    3.53,    3.37,    5.91,    0.43,   1.84
1998-09,    6.15,   -0.78,   -3.42,   -1.88,   -2.99,    0.46,  -0.81
1998-10,    7.13,   -3.43,   -2.23,    0.93,    0.31,    0.32,  -5.37
1998-11,    6.10,    0.75,   -3.25,   -0.86,   -1.18,    0.31,   1.20
1998-12,    6.16,   -1.56,   -4.19,   -0.76,   -3.39,    0.38,   8.92
1999-01,    3.50,   -0.75,   -4.60,   -2.77,   -6.80,    0.35,   3.03
1999-02,   -4.08,   -5.22,    1.92,   -1.23,    4.10,    0.35,  -0.10
1999-03,    3.45,   -4.23,   -2.74,   -4.07,   -1.42,    0.43,  -1.27
1999-04,    4.33,    4.52,    2.46,   -2.53,    0.89,    0.37,  -9.04
1999-05,   -2.46,    3.71,    2.35,    0.93,    3.34,    0.34,  -5.19
1999-06,    4.77,    2.29,   -3.19,    1.13,   -3.21,    0.40,   5.06
1999-07,   -3.49,    2.57,   -0.44,    0.36,    3.22,    0.38,   1.66
1999-08,   -1.38,   -1.73,   -1.87,   -0.24,    0.64,    0.39,   3.12
1999-09,   -2.79,    2.59,   -3.49,   -0.75,   -1.23,    0.39,   6.47
1999-10,    6.12,   -6.91,   -3.37,   -1.74,   -1.19,    0.39,   5.50
1999-11,    3.37,    5.80,   -6.12,   -4.28,   -1.74,    0.36,   5.64
1999-12,    7.72,    5.39,   -8.33,   -7.60,   -5.63,    0.44,  13.22
2000-01,   -4.74,    4.42,   -1.88,   -6.29,    4.72,    0.41,   1.92
2000-02,    2.45,   18.28,   -9.59,  -18.65,   -0.48,    0.43,  18.20
2000-03,    5.20,  -15.32,    8.13,   11.79,   -1.59,    0.47,  -6.83
2000-04,   -6.40,   -5.01,    7.26,    7.66,    5.65,    0.46,  -8.39
2000-05,   -4.42,   -3.81,    4.75,    4.13,    1.37,    0.50,  -8.98
2000-06,    4.64,    9.92,   -8.42,   -8.31,   -2.95,    0.40,  16.60
2000-07,   -2.51,   -1.03,    8.31,    5.83,    2.94,    0.48,  -0.05
2000-08,    7.03,   -1.03,   -1.39,   -3.22,    1.10,    0.50,   5.73
2000-09,   -5.45,    0.19,    7.17,    2.56,    5.53,    0.51,   1.97
2000-10,   -2.76,   -2.65,    5.71,    9.61,    3.80,    0.56,  -4.48
2000-11,  -10.72,   -0.58,   12.30,   13.07,    8.43,    0.51,  -2.32
2000-12,    1.19,    3.26,    7.61,    1.71,    4.79,    0.50,   6.74
2001-01,    3.13,    5.48,   -5.07,   -4.69,   -5.03,    0.54, -25.30
2001-02,  -10.05,    2.83,   12.47,    9.10,    9.07,    0.38,  12.57
2001-03,   -7.26,    2.33,    6.42,    3.35,    3.92,    0.42,   8.55
2001-04,    7.94,   -0.86,   -4.67,   -3.06,   -3.20,    0.39,  -7.90
2001-05,    0.72,    3.60,    3.36,    0.25,    1.91,    0.32,   2.21
2001-06,   -1.94,    6.57,   -1.12,    1.60,   -1.51,    0.28,   0.38
2001-07,   -2.13,   -2.82,    5.21,    7.42,    3.07,    0.30,   5.58
2001-08,   -6.46,    2.71,    2.31,    4.05,    6.57,    0.31,   5.53
2001-09,   -9.25,   -5.73,    1.45,    4.99,    3.21,    0.28,  11.48
2001-10,    2.46,    5.27,   -7.65,   -2.98,   -4.55,    0.22,  -8.47
2001-11,    7.54,   -0.31,    2.21,   -3.73,   -1.61,    0.17,  -8.69
2001-12,    1.60,    5.16,    0.84,    0.34,   -0.26,    0.15,   0.07
2002-01,   -1.44,    1.26,    3.44,    4.69,    2.84,    0.14,   3.75
2002-02,   -2.29,   -0.36,    2.16,    8.07,    5.11,    0.13,   6.82
2002-03,    4.24,    4.25,    1.06,   -1.78,    0.58,    0.13,  -1.64
2002-04,   -5.20,    6.72,    3.88,    4.56,    5.38,    0.15,   7.63
2002-05,   -1.38,   -3.02,    1.53,    2.36,    2.44,    0.14,   3.16
2002-06,   -7.21,    3.89,   -0.05,    3.93,    2.51,    0.13,   6.03
2002-07,   -8.18,   -6.43,   -3.85,    3.79,   -0.99,    0.15,   3.77
2002-08,    0.50,   -1.31,    3.28,    1.36,   -1.47,    0.14,   1.90
2002-09,  -10.35,    3.08,    1.47,    3.29,   -2.19,    0.14,   9.13
2002-10,    7.84,   -4.31,   -3.95,   -3.39,    0.76,    0.14,  -5.58
2002-11,    5.96,    2.91,   -1.23,   -9.20,    5.15,    0.12, -16.33
2002-12,   -5.76,    0.62,    2.14,    6.29,   -1.68,    0.11,   9.64
2003-01,   -2.57,    0.70,   -0.83,   -0.99,    0.69,    0.10,   1.55
2003-02,   -1.88,   -0.93,   -1.39,    0.83,   -0.62,    0.09,   1.17
2003-03,    1.09,    0.65,   -1.93,    1.87,   -0.77,    0.10,   1.48
2003-04,    8.22,    1.02,    1.14,   -4.68,    1.06,    0.10,  -9.33
2003-05,    6.05,    4.81,    0.40,   -7.00,    2.91,    0.09, -10.70
2003-06,    1.42,    1.66,    0.11,    0.51,   -0.38,    0.10,  -1.00
2003-07,    2.35,    4.54,   -1.24,   -4.14,    1.78,    0.07,  -0.24
2003-08,    2.34,    2.48,    1.53,   -2.25,    2.14,    0.07,  -0.62
2003-09,   -1.24,    0.54,    0.16,    1.01,    0.34,    0.08,  -0.19
2003-10,    6.08,    2.71,    1.97,   -1.35,    1.55,    0.07,   3.99
2003-11,    1.35,    2.33,    1.78,    0.19,    1.81,    0.07,   1.46
2003-12,    4.29,   -2.49,    1.60,    0.56,    0.94,    0.08,  -5.57
2004-01,    2.15,    2.45,    2.49,   -3.66,    3.38,    0.07,   2.58
2004-02,    1.40,   -0.93,    0.90,    2.17,   -1.21,    0.06,  -1.14
2004-03,   -1.32,    2.10,    0.27,    1.56,   -0.98,    0.09,   0.17
2004-04,   -1.83,   -2.01,   -3.10,    3.45,   -2.84,    0.08,  -5.38
2004-05,    1.17,   -0.38,   -0.25,   -1.18,    0.03,    0.06,   1.50
2004-06,    1.86,    2.56,    1.18,    1.20,   -0.39,    0.08,   2.05
2004-07,   -4.06,   -2.95,    3.24,    5.32,   -1.66,    0.10,  -2.29
2004-08,    0.08,   -1.13,    0.97,    1.23,   -1.47,    0.11,  -1.59
2004-09,    1.60,    3.27,    0.00,   -1.49,   -1.88,    0.11,   5.49
2004-10,    1.43,    0.19,   -0.22,   -0.52,    0.49,    0.11,  -1.38
2004-11,    4.54,    4.11,    1.41,   -0.58,   -0.22,    0.15,   3.16
2004-12,    3.43,   -0.05,   -0.22,   -1.16,    0.46,    0.16,  -2.87
2005-01,   -2.76,   -1.17,    2.06,    2.74,   -1.46,    0.16,   3.05
2005-02,    1.89,   -0.31,    1.54,    1.43,   -0.05,    0.16,   3.37
2005-03,   -1.97,   -1.42,    2.04,    0.47,    1.29,    0.21,   0.41
2005-04,   -2.61,   -3.98,    0.07,    0.97,   -0.94,    0.21,  -0.69
2005-05,    3.65,    2.79,   -0.64,   -1.00,    0.30,    0.24,   0.45
2005-06,    0.57,    3.28,    2.83,    0.96,   -0.51,    0.23,   2.05
2005-07,    3.92,    2.81,   -0.79,   -1.19,   -0.82,    0.24,   0.06
2005-08,   -1.22,   -0.89,    1.32,   -2.05,    0.37,    0.30,   2.08
2005-09,    0.49,   -0.34,    0.71,    0.27,   -0.60,    0.29,   3.43
2005-10,   -2.02,   -1.45,    0.42,   -0.93,   -1.30,    0.27,  -1.39
2005-11,    3.61,    0.84,   -1.16,   -0.76,   -1.14,    0.31,   0.35
2005-12,   -0.25,   -0.20,    0.20,    0.21,    0.23,    0.32,   0.77
2006-01,    3.04,    5.75,    1.08,   -0.64,   -0.46,    0.35,   2.53
2006-02,   -0.30,   -0.42,   -0.34,   -0.51,    1.91,    0.34,  -1.84
2006-03,    1.46,    3.38,    0.60,    0.06,   -0.41,    0.37,   1.26
2006-04,    0.73,   -0.84,    2.34,    1.80,    0.01,    0.36,   0.64
2006-05,   -3.57,   -2.85,    2.41,    1.15,    1.46,    0.43,  -3.70
2006-06,   -0.35,   -0.24,    0.85,    1.32,   -0.07,    0.40,   1.54
2006-07,   -0.78,   -3.63,    2.60,    1.63,    0.90,    0.40,  -2.12
2006-08,    2.03,    0.44,   -2.06,   -1.86,    2.09,    0.42,  -3.38
2006-09,    1.84,   -1.46,    0.08,    0.82,    0.60,    0.41,  -0.96
2006-10,    3.23,    1.98,   -0.31,   -0.12,    0.28,    0.41,  -0.20
2006-11,    1.71,    0.71,    0.14,    0.15,   -0.80,    0.42,  -1.03
2006-12,    0.87,   -0.81,    2.73,   -0.72,    2.06,    0.40,   0.79
2007-01,    1.40,    0.07,   -0.68,    0.25,    0.38,    0.44,   0.24
2007-02,   -1.96,    1.29,   -0.14,   -0.51,   -0.71,    0.38,  -1.35
2007-03,    0.68,    0.20,   -0.97,    0.64,   -0.65,    0.43,   2.56
2007-04,    3.49,   -2.04,   -1.45,    1.15,    1.03,    0.44,  -0.24
2007-05,    3.24,    0.40,   -0.65,    1.58,   -1.36,    0.41,  -0.34
2007-06,   -1.96,    0.74,   -1.05,    0.53,    0.08,    0.40,   0.51
2007-07,   -3.73,   -2.99,   -3.71,    0.20,   -1.13,    0.40,   2.94
2007-08,    0.92,   -0.37,   -1.86,   -1.21,   -0.53,    0.42,   0.10
2007-09,    3.22,   -2.44,   -2.21,   -0.52,   -3.02,    0.32,   4.63
2007-10,    1.80,   -0.08,   -2.98,   -0.30,   -0.09,    0.32,   5.02
2007-11,   -4.83,   -3.02,   -0.94,    1.89,   -0.29,    0.34,   0.99
2007-12,   -0.87,    0.15,   -0.55,    0.87,   -1.05,    0.27,   6.63
2008-01,   -6.36,   -0.65,    3.97,    2.14,    2.14,    0.21,  -7.75
2008-02,   -3.09,   -0.66,   -0.84,    0.88,   -0.93,    0.13,   6.10
2008-03,   -0.93,    0.56,    0.30,    0.79,    0.50,    0.17,   4.27
2008-04,    4.60,   -1.20,   -0.94,    1.64,   -2.47,    0.18,  -0.31
2008-05,    1.86,    3.02,   -1.43,    0.93,   -0.06,    0.18,   3.31
2008-06,   -8.44,    1.18,   -2.71,    4.96,   -0.55,    0.17,  12.75
2008-07,   -0.77,    3.72,    5.42,   -1.37,    1.08,    0.15,  -5.13
2008-08,    1.53,    3.46,    1.59,    1.86,    0.84,    0.13,  -4.02
2008-09,   -9.24,    0.25,    5.91,    2.41,    1.78,    0.15,   0.28
2008-10,  -17.23,   -3.34,   -2.30,    3.04,    2.05,    0.08,   7.85
2008-11,   -7.86,   -3.89,   -6.31,    4.53,    2.75,    0.03,   7.17
2008-12,    1.74,    3.29,    0.14,    0.06,   -1.49,    0.00,  -5.09
2009-01,   -8.12,   -2.14,  -11.29,    0.18,   -1.17,    0.00,  -2.18
2009-02,  -10.10,   -1.32,   -6.95,    1.19,   -1.02,    0.01,   4.41
2009-03,    8.95,    0.67,    3.47,   -2.52,   -2.25,    0.02, -11.87
2009-04,   10.18,    7.13,    5.36,    1.31,    0.13,    0.01, -34.30
2009-05,    5.21,   -2.32,    0.28,   -0.78,   -2.17,    0.00, -12.49
2009-06,    0.43,    2.29,   -2.73,   -1.41,   -0.33,    0.01,   5.48
2009-07,    7.72,    2.39,    4.83,   -0.46,    3.14,    0.01,  -5.55
2009-08,    3.33,   -0.09,    7.63,   -3.02,    3.34,    0.01,  -9.07
2009-09,    4.08,    2.73,    1.05,    1.31,    0.36,    0.01,  -4.79
2009-10,   -2.59,   -4.93,   -4.21,    4.17,   -1.51,    0.00,   2.61
2009-11,    5.56,   -2.68,   -0.34,    1.00,    0.12,    0.00,   0.30
2009-12,    2.75,    6.24,   -0.17,    1.02,   -0.09,    0.01,   3.01
2010-01,   -3.36,    0.34,    0.43,   -1.27,    0.46,    0.00,  -5.40
2010-02,    3.40,    1.51,    3.23,   -0.27,    1.43,    0.00,   3.74
2010-03,    6.31,    1.85,    2.21,   -0.65,    1.69,    0.01,   3.76
2010-04,    2.00,    4.98,    2.89,    0.69,    1.72,    0.01,   3.16
2010-05,   -7.89,    0.04,   -2.44,    1.30,   -0.21,    0.01,  -0.25
2010-06,   -5.57,   -2.47,   -4.70,   -0.16,   -1.55,    0.01,  -2.76
2010-07,    6.93,    0.12,   -0.31,    0.24,    2.01,    0.01,   1.88
2010-08,   -4.77,   -3.15,   -1.90,    0.53,   -1.59,    0.01,  -0.06
2010-09,    9.54,    3.75,   -3.16,   -0.21,    0.38,    0.01,   1.41
2010-10,    3.88,    0.80,   -2.43,    1.19,   -0.26,    0.01,   1.58
2010-11,    0.60,    3.67,   -0.96,    0.45,    1.59,    0.01,   2.66
2010-12,    6.82,    1.03,    3.70,   -3.44,    3.16,    0.01,  -3.03
2011-01,    1.99,   -2.43,    0.83,   -0.76,    0.83,    0.01,  -0.29
2011-02,    3.49,    1.65,    1.27,   -1.94,    0.88,    0.01,   1.99
2011-03,    0.46,    2.62,   -1.83,    1.76,   -0.03,    0.01,   3.40
2011-04,    2.90,   -0.55,   -2.43,    1.01,   -0.80,    0.00,   0.04
2011-05,   -1.27,   -0.63,   -2.12,    2.08,   -1.59,    0.00,  -0.62
2011-06,   -1.75,    0.16,   -0.42,    2.49,   -1.53,    0.00,   1.78
2011-07,   -2.35,   -1.20,   -0.90,    2.68,   -1.81,    0.00,   0.18
2011-08,   -5.99,   -3.20,   -2.36,    3.30,   -0.38,    0.01,  -0.28
2011-09,   -7.59,   -3.66,   -1.72,    2.04,    0.24,    0.00,  -2.42
2011-10,   11.35,    3.46,    0.10,   -2.16,   -0.86,    0.00,  -1.43
2011-11,   -0.28,   -0.28,   -0.46,    1.86,    1.49,    0.00,   3.84
2011-12,    0.74,   -0.33,    1.63,    0.98,    2.52,    0.00,   1.81
2012-01,    5.05,    2.06,   -0.97,   -2.01,   -1.43,    0.00,  -7.91
2012-02,    4.42,   -1.71,    0.43,   -0.48,   -0.01,    0.00,  -0.29
2012-03,    3.11,   -0.47,    1.14,   -0.54,    0.74,    0.00,   1.30
2012-04,   -0.85,   -0.55,   -0.78,    1.30,    0.65,    0.00,   3.75
2012-05,   -6.19,   -0.12,   -1.07,    2.08,    2.31,    0.01,   6.49
2012-06,    3.89,    0.84,    0.62,   -1.09,    0.46,    0.00,  -1.06
2012-07,    0.79,   -2.78,   -0.02,    1.10,    0.05,    0.00,   3.04
2012-08,    2.55,    0.44,    1.30,   -1.33,   -0.84,    0.01,  -2.37
2012-09,    2.73,    0.61,    1.60,   -1.49,    1.55,    0.01,  -1.14
2012-10,   -1.76,   -0.89,    3.59,   -1.34,    2.50,    0.01,   0.14
2012-11,    0.78,    0.46,   -0.84,    0.60,    0.84,    0.01,   0.49
2012-12,    1.18,    1.89,    3.51,   -1.85,    0.91,    0.01,  -2.86
2013-01,    5.57,    0.48,    0.96,   -1.93,    1.41,    0.00,  -1.79
2013-02,    1.29,   -0.25,    0.11,   -0.67,    0.52,    0.00,   1.29
2013-03,    4.03,    0.85,   -0.19,    0.14,    1.38,    0.00,   1.92
2013-04,    1.55,   -2.25,    0.45,    0.27,    0.37,    0.00,   0.22
2013-05,    2.80,    2.06,    2.63,   -1.97,   -0.87,    0.00,  -2.02
2013-06,   -1.20,    1.57,    0.03,   -0.38,    0.00,    0.00,   0.52
2013-07,    5.65,    1.81,    0.57,   -1.35,    0.51,    0.00,   1.76
2013-08,   -2.71,   -0.06,   -2.69,    0.66,   -2.16,    0.00,   0.02
2013-09,    3.77,    2.63,   -1.22,   -0.58,   -1.36,    0.00,   3.06
2013-10,    4.18,   -1.48,    1.25,    2.78,    0.87,    0.00,   0.08
2013-11,    3.13,    1.41,    0.32,    0.14,    0.04,    0.00,   0.44
2013-12,    2.81,   -0.45,   -0.02,   -0.46,    0.09,    0.00,   0.02
2014-01,   -3.32,    0.58,   -2.07,   -3.88,   -1.42,    0.00,   1.71
2014-02,    4.65,    0.14,   -0.31,   -0.23,   -0.45,    0.00,   2.07
2014-03,    0.43,   -1.09,    4.93,    2.13,    1.92,    0.00,  -3.29
2014-04,   -0.19,   -4.12,    1.17,    3.48,    1.02,    0.00,  -3.89
2014-05,    2.06,   -1.89,   -0.13,    0.05,   -1.00,    0.00,   0.87
2014-06,    2.61,    3.11,   -0.70,   -1.89,   -2.00,    0.00,   0.69
2014-07,   -2.04,   -4.29,    0.03,    0.89,    0.52,    0.00,  -0.12
2014-08,    4.24,    0.31,   -0.45,   -0.64,   -0.70,    0.00,   0.82
2014-09,   -1.97,   -3.72,   -1.34,    1.30,   -0.51,    0.00,   0.50
2014-10,    2.52,    3.73,   -1.81,   -0.57,   -0.11,    0.00,  -0.06
2014-11,    2.55,   -2.28,   -3.09,    1.50,    0.27,    0.00,   0.69
2014-12,   -0.06,    2.86,    2.27,   -1.22,    0.96,    0.00,   1.12
2015-01,   -3.11,   -0.92,   -3.58,    1.61,   -1.65,    0.00,   3.84
2015-02,    6.13,    0.32,   -1.86,   -1.12,   -1.82,    0.00,  -2.82
2015-03,   -1.12,    3.07,   -0.37,    0.09,   -0.52,    0.00,   2.74
2015-04,    0.59,   -3.09,    1.82,    0.06,   -0.61,    0.00,  -7.27
2015-05,    1.36,    0.83,   -1.14,   -1.79,   -0.74,    0.00,   5.82
2015-06,   -1.53,    2.90,   -0.79,    0.44,   -1.58,    0.00,   3.01
2015-07,    1.54,   -4.55,   -4.13,    0.30,   -2.41,    0.00,   9.98
2015-08,   -6.04,    0.25,    2.77,    0.68,    1.19,    0.00,  -2.09
2015-09,   -3.07,   -2.79,    0.56,    1.77,   -0.58,    0.00,   5.22
2015-10,    7.75,   -2.07,   -0.46,    0.88,    0.52,    0.00,  -3.28
2015-11,    0.56,    3.31,   -0.42,   -2.75,   -0.99,    0.00,   2.28
2015-12,   -2.17,   -2.99,   -2.61,    0.50,   -0.02,    0.01,   3.36
2016-01,   -5.77,   -3.47,    2.09,    2.82,    3.08,    0.01,   1.44
2016-02,   -0.07,    0.88,   -0.57,    3.25,    2.02,    0.02,  -4.38
2016-03,    6.96,    1.07,    1.19,    0.77,   -0.08,    0.02,  -5.01
2016-04,    0.91,    1.23,    3.28,   -2.97,    1.90,    0.01,  -6.02
2016-05,    1.78,   -0.61,   -1.66,   -1.09,   -2.48,    0.01,   1.42
2016-06,   -0.05,    0.45,   -1.48,    1.40,    1.94,    0.02,   4.13
2016-07,    3.95,    2.48,   -1.32,    1.26,   -1.18,    0.02,  -3.34
2016-08,    0.49,    1.68,    3.18,   -1.85,   -0.34,    0.02,  -3.49
2016-09,    0.25,    1.85,   -1.24,   -2.21,    0.03,    0.02,   0.19
2016-10,   -2.02,   -4.02,    4.09,    0.93,    0.28,    0.02,   0.59
2016-11,    4.86,    7.07,    8.21,   -0.18,    3.70,    0.01,  -4.62
2016-12,    1.82,    0.41,    3.53,    1.22,   -0.23,    0.03,  -0.26
2017-01,    1.94,   -1.46,   -2.75,   -0.49,   -0.99,    0.04,  -0.93
2017-02,    3.57,   -2.22,   -1.67,    0.47,   -1.83,    0.04,  -1.65
2017-03,    0.17,    0.74,   -3.35,    0.61,   -0.94,    0.03,  -1.02
2017-04,    1.09,    0.48,   -2.13,    1.90,   -1.60,    0.05,   0.48
2017-05,    1.06,   -3.06,   -3.78,    0.95,   -1.79,    0.06,   1.48
2017-06,    0.78,    2.58,    1.48,   -2.22,    0.00,    0.06,  -0.09
2017-07,    1.87,   -1.69,   -0.31,   -0.64,   -0.20,    0.07,   1.68
2017-08,    0.16,   -1.82,   -2.09,    0.14,   -2.38,    0.09,   3.26
2017-09,    2.51,    4.78,    3.14,   -1.47,    1.69,    0.09,  -1.32
2017-10,    2.25,   -1.94,    0.20,    0.93,   -3.25,    0.09,   4.27
2017-11,    3.12,   -0.33,   -0.03,    3.16,   -0.05,    0.08,  -0.87
2017-12,    1.06,   -1.07,    0.06,    0.74,    1.69,    0.09,  -1.54
2018-01,    5.57,   -3.18,   -1.29,   -0.76,   -0.96,    0.12,   4.05
2018-02,   -3.65,    0.32,   -1.04,    0.52,   -2.37,    0.11,   3.58
2018-03,   -2.35,    3.59,   -0.21,   -0.46,    0.01,    0.11,  -1.13
2018-04,    0.28,    0.93,    0.54,   -2.42,    1.30,    0.14,   0.36
2018-05,    2.65,    4.73,   -3.20,   -2.04,   -1.50,    0.14,   3.89
2018-06,    0.48,    0.80,   -2.34,    0.79,    0.24,    0.14,  -2.35
2018-07,    3.19,   -1.93,    0.47,    1.56,    0.35,    0.16,  -1.41
2018-08,    3.44,    0.64,   -3.94,   -0.31,   -2.70,    0.16,   5.29
2018-09,    0.06,   -2.48,   -1.70,    0.63,    1.29,    0.15,   0.04
2018-10,   -7.68,   -4.46,    3.40,    0.94,    3.59,    0.19,  -1.99
2018-11,    1.69,   -0.77,    0.30,   -0.55,    0.39,    0.18,  -1.37
2018-12,   -9.57,   -2.88,   -1.84,   -0.02,    0.21,    0.20,   2.11
2019-01,    8.40,    3.03,   -0.46,   -0.80,   -1.51,    0.21,  -8.68
2019-02,    3.40,    1.74,   -2.67,    0.12,   -1.59,    0.18,   0.86
2019-03,    1.10,   -3.51,   -4.17,    0.90,   -0.95,    0.19,   2.21
2019-04,    3.97,   -1.17,    2.15,    1.61,   -2.22,    0.21,  -2.97
2019-05,   -6.94,   -1.59,   -2.37,   -0.46,    1.77,    0.21,   7.56
2019-06,    6.93,    0.37,   -0.71,    0.90,   -0.44,    0.18,  -2.30
2019-07,    1.19,   -1.78,    0.48,   -0.08,    0.36,    0.19,   2.89
2019-08,   -2.58,   -3.24,   -4.78,    0.56,   -0.68,    0.16,   6.92
2019-09,    1.43,    0.27,    6.75,    1.84,    3.37,    0.18,  -6.81
2019-10,    2.06,    0.26,   -1.91,    0.44,   -0.96,    0.16,   0.15
2019-11,    3.87,    0.44,   -2.02,   -1.59,   -1.24,    0.12,  -2.66
2019-12,    2.77,    0.97,    1.75,    0.01,    1.24,    0.14,  -1.77
2020-01,   -0.11,   -4.38,   -6.25,   -1.17,   -2.32,    0.13,   5.98
2020-02,   -8.13,    0.04,   -3.81,   -1.47,   -2.51,    0.12,  -0.40
2020-03,  -13.39,   -8.28,  -13.87,   -1.57,    1.24,    0.13,   7.97
2020-04,   13.65,    2.56,   -1.33,    2.72,   -1.00,    0.00,  -5.23
2020-05,    5.58,    1.97,   -4.88,    0.95,   -3.26,    0.01,   0.43
2020-06,    2.46,    1.96,   -2.20,    0.09,    0.54,    0.01,  -0.73
2020-07,    5.77,   -3.20,   -1.41,    0.41,    1.02,    0.01,   7.61
2020-08,    7.63,   -0.89,   -2.97,    4.28,   -1.19,    0.01,   0.55
2020-09,   -3.63,    0.01,   -2.71,   -1.36,   -1.85,    0.01,   3.12
2020-10,   -2.10,    4.64,    4.25,   -0.83,   -0.78,    0.01,  -3.05
2020-11,   12.47,    7.11,    2.09,   -2.20,    1.40,    0.01, -12.43
2020-12,    4.63,    4.79,   -1.51,   -1.96,   -0.12,    0.01,  -2.32
2021-01,   -0.03,    6.94,    3.01,   -3.78,    4.94,    0.01,   4.50
2021-02,    2.78,    4.54,    7.15,    0.39,   -1.94,    0.00,  -7.89
2021-03,    3.08,   -0.88,    7.39,    6.36,    3.42,    0.00,  -6.14
2021-04,    4.93,   -3.16,   -0.95,    2.44,   -2.70,    0.00,   1.16
2021-05,    0.29,    1.22,    7.09,    2.45,    3.04,    0.00,   0.88
2021-06,    2.75,   -0.34,   -7.87,   -2.14,   -0.94,    0.00,   2.20
2021-07,    1.27,   -4.61,   -1.78,    5.46,   -0.52,    0.00,  -2.28
2021-08,    2.91,   -0.68,   -0.15,   -0.28,   -1.79,    0.00,   2.45
2021-09,   -4.37,    1.12,    5.08,   -1.96,    2.10,    0.00,   1.49
2021-10,    6.65,   -2.70,   -0.49,    1.66,   -1.45,    0.00,   3.19
2021-11,   -1.55,   -1.77,   -0.45,    7.20,    1.73,    0.00,   0.88
2021-12,    3.10,   -0.80,    3.26,    4.91,    4.40,    0.01,  -2.60
2022-01,   -6.25,   -4.06,   12.75,    0.84,    7.72,    0.00,  -2.60
2022-02,   -2.29,    2.92,    3.08,   -2.09,    3.12,    0.00,   1.76
2022-03,    3.05,   -2.17,   -1.81,   -1.53,    3.14,    0.01,   3.01
2022-04,   -9.46,   -0.39,    6.17,    3.52,    5.89,    0.01,   4.87
2022-05,   -0.34,   -0.06,    8.39,    1.56,    3.97,    0.03,   2.43
2022-06,   -8.43,    1.30,   -5.97,    1.81,   -4.69,    0.06,   0.75
2022-07,    9.57,    1.82,   -4.05,    0.82,   -6.83,    0.08,  -3.95
2022-08,   -3.77,    1.52,    0.29,   -4.75,    1.29,    0.19,   2.04
2022-09,   -9.35,   -1.05,    0.05,   -1.51,   -0.80,    0.19,   3.51
2022-10,    7.83,    1.89,    8.01,    3.34,    6.64,    0.23,   3.96
2022-11,    4.60,   -2.74,    1.38,    6.38,    3.18,    0.29,  -1.98
2022-12,   -6.41,   -0.15,    1.37,    0.25,    4.20,    0.33,   4.55
2023-01,    6.65,    4.41,   -4.01,   -2.44,   -4.47,    0.35, -16.01
2023-02,   -2.58,    0.66,   -0.81,    1.01,   -1.33,    0.34,   0.15
2023-03,    2.51,   -6.94,   -8.85,    2.24,   -2.37,    0.36,  -2.47
2023-04,    0.61,   -2.56,   -0.04,    2.42,    2.86,    0.35,   1.62
2023-05,    0.35,   -0.38,   -7.72,   -1.81,   -7.22,    0.36,  -0.63
2023-06,    6.46,    1.34,   -0.26,    2.18,   -1.62,    0.40,  -2.37
2023-07,    3.21,    2.86,    4.11,   -0.57,    0.57,    0.45,  -3.98
2023-08,   -2.39,   -3.65,   -1.06,    3.43,   -2.37,    0.45,   3.77
2023-09,   -5.24,   -1.80,    1.52,    1.86,   -0.83,    0.43,   0.26
2023-10,   -3.19,   -4.04,    0.19,    2.46,   -0.66,    0.47,   1.73
2023-11,    8.84,   -0.12,    1.64,   -3.91,   -1.00,    0.44,   2.75
2023-12,    4.85,    7.32,    4.94,   -3.07,    1.32,    0.43,  -5.56
